{
    "camera": {
        "fov": 65,
        "position": [
            4.496151447296143,
            3.4640378952026367,
            -0.04692820832133293
        ],
        "target": [
            0.007517723143092736,
            0.7200634880417995,
            -0.9812677734653124
        ],
        "startAnim": "none",
        "animTrack": null
    },
    "background": {
        "color": [
            0.4,
            0.4,
            0.4
        ]
    },
    "animTracks": []
}